{
    "sequence_length": 12,
    "batch_size": 32,
    "learning_rate": 0.0002051338263087451,
    "hidden_size": 128,
    "latent_size": 48,
    "dropout_rate": 0.10823379771832098,
    "threshold_percentile": 99
}