{
    "global_threshold": 254.37680053710938,
    "thresholds": {
        "1": 0.715049147605896,
        "35": 193.76913452148438,
        "40": 255.0044708251953,
        "10": 14.699190139770508,
        "20": 61.041908264160156,
        "30": 140.60389709472656
    }
}