{
    "global_threshold": 194.55862426757812,
    "thresholds": {
        "40": 206.2933807373047,
        "10": 13.715080261230469,
        "35": 194.80508422851562
    }
}