{
    "global_threshold": 254.376220703125,
    "thresholds": {
        "1": 0.7107526659965515,
        "35": 193.77239990234375,
        "40": 255.006591796875,
        "10": 14.693078994750977,
        "20": 61.04477310180664,
        "30": 140.60394287109375
    }
}